date,compound,slug,tag,summary,source_url,id
2024-09-27,Selank,selank,not_legalized,"Removed from Category 2 after its nomination was withdrawn - not placed on the 503A list, so compounding remained unauthorized.",https://www.onhealthcare.tech/p/the-category-2-peptide-unwind-how,selank-2024-09-27
2024-10-29,Ipamorelin,ipamorelin,not_legalized,FDA advisory committee voted against adding ipamorelin to the 503A list.,https://a4pc.org/news/pcac-votes-against-four-nominated-bulk-drug-substances,ipamorelin-2024-10-29
2024-12-04,CJC-1295,cjc-1295,not_legalized,FDA advisory committee voted against adding CJC-1295 to the 503A list.,https://www.federalregister.gov/documents/2024/10/25/2024-24828/pharmacy-compounding-advisory-committee-notice-of-meeting-establishment-of-a-public-docket-request,cjc-1295-2024-12-04
2024-12-04,Thymosin Alpha-1,thymosin-alpha-1,not_legalized,FDA advisory committee reviewed thymosin alpha-1 and did not recommend adding it to the 503A list.,https://www.federalregister.gov/documents/2024/10/25/2024-24828/pharmacy-compounding-advisory-committee-notice-of-meeting-establishment-of-a-public-docket-request,thymosin-alpha-1-2024-12-04
2025-03-19,Tirzepatide,tirzepatide,enforcement,"503B enforcement discretion for compounding tirzepatide ended (503A ended February 18, 2025), following the resolved shortage.",https://www.pharmacytimes.com/view/fda-moves-to-permanently-close-the-door-on-compounded-glp-1s,tirzepatide-2025-03-19
2025-05-22,Semaglutide,semaglutide,enforcement,"503B enforcement discretion for compounding semaglutide ended (503A ended April 22, 2025), following the resolved shortage.",https://www.mcdermottlaw.com/insights/semaglutide-shortage-resolved/,semaglutide-2025-05-22
2026-04-16,BPC-157,bpc-157,review_scheduled,"Placed on the July 23, 2026 FDA advisory committee agenda (Docket FDA-2025-N-6895); FDA's briefing proposes not adding it to the 503A list.",https://www.federalregister.gov/documents/2026/04/16/2026-07361/pharmacy-compounding-advisory-committee-notice-of-meeting-establishment-of-a-public-docket-request,bpc-157-2026-04-16
2026-04-16,Semax,semax,review_scheduled,"Placed on the July 24, 2026 FDA advisory committee agenda for possible inclusion on the 503A list.",https://www.federalregister.gov/documents/2026/04/16/2026-07361/pharmacy-compounding-advisory-committee-notice-of-meeting-establishment-of-a-public-docket-request,semax-2026-04-16
2026-04-16,TB-500 (Thymosin Beta-4),tb-500,review_scheduled,"Placed on the July 23, 2026 FDA advisory committee agenda for possible inclusion on the 503A list.",https://www.federalregister.gov/documents/2026/04/16/2026-07361/pharmacy-compounding-advisory-committee-notice-of-meeting-establishment-of-a-public-docket-request,tb-500-2026-04-16
2026-04-22,GHK-Cu,ghk-cu,not_legalized,Injectable GHK-Cu removed from Category 2 without being placed on the 503A list - removal did not authorize compounding.,https://www.frierlevitt.com/articles/fda-peptides-do-not-compound-list-update-2026/,ghk-cu-2026-04-22
2026-04-22,Melanotan II,melanotan-2,not_legalized,Moved out of Category 2 and slated for a later PCAC review - the change did not legalize compounding.,https://www.boesensnowlaw.com/blog/fda-advances-peptide-compounding-review-category-2-removals-announced-and-pcac-hearing-confirmed/,melanotan-2-2026-04-22
2026-04-22,TB-500 (Thymosin Beta-4),tb-500,not_legalized,"Removed from FDA Category 2 after nominations were withdrawn - but it was never in Category 1, so it is still not legal to compound.",https://www.orrick.com/en/Insights/2026/04/FDA-Announces-Removal-of-12-Peptides-from-Category-2-and-Schedules-PCAC-Meetings,tb-500-2026-04-22
2026-04-30,Semaglutide,semaglutide,review_scheduled,"FDA proposed to permanently exclude semaglutide from the 503B bulks list, finding no clinical need for outsourcing facilities to compound it from bulk. This is a proposal in a comment period, not a final change.",https://www.federalregister.gov/documents/2026/05/01/2026-08552/list-of-bulk-drug-substances-for-which-there-is-a-clinical-need-under-section-503b-of-the-federal,semaglutide-2026-04-30
2026-04-30,Tirzepatide,tirzepatide,review_scheduled,"FDA proposed to permanently exclude tirzepatide from the 503B bulks list, alongside semaglutide and liraglutide. This is a proposal in a comment period, not a final change.",https://www.federalregister.gov/documents/2026/05/01/2026-08552/list-of-bulk-drug-substances-for-which-there-is-a-clinical-need-under-section-503b-of-the-federal,tirzepatide-2026-04-30
2026-07-23,BPC-157,bpc-157,not_legalized,"FDA advisory committee (PCAC) voted 8-6, with 1 abstention, to recommend adding BPC-157 to the 503A list, overriding the FDA's own reviewers. Widely reported as ""FDA clears BPC-157"" - it does not. The vote is non-binding, BPC-157 is not on the list, and compounding it is no more authorised than the day before.",https://www.healio.com/news/primary-care/20260724/fda-committee-recommends-looser-restrictions-for-several-peptides,bpc-157-2026-07-23-pcac-vote
2026-07-23,KPV,kpv,not_legalized,"FDA advisory committee (PCAC) voted 8-6, with 1 abstention, to recommend adding KPV to the 503A list, against the FDA review staff's own recommendation. Advisory only - KPV is still not on the list and still not legal to compound.",https://www.healio.com/news/primary-care/20260724/fda-committee-recommends-looser-restrictions-for-several-peptides,kpv-2026-07-23-pcac-vote
2026-07-23,MOTS-c,mots-c,not_legalized,"FDA advisory committee (PCAC) voted 7-5, with 2 abstentions, to recommend adding MOTS-c to the 503A list, against the FDA review staff's own recommendation. Advisory only - MOTS-c is still not on the list and still not legal to compound.",https://www.healio.com/news/primary-care/20260724/fda-committee-recommends-looser-restrictions-for-several-peptides,mots-c-2026-07-23-pcac-vote
2026-07-23,TB-500 (Thymosin Beta-4),tb-500,not_legalized,"FDA advisory committee (PCAC) voted 8-6, with 1 abstention, to recommend adding TB-500 to the 503A list - despite FDA reviewers reporting they could not identify a single human clinical study. Advisory only: TB-500 is still not on the list and still not legal to compound.",https://www.healio.com/news/primary-care/20260724/fda-committee-recommends-looser-restrictions-for-several-peptides,tb-500-2026-07-23-pcac-vote
2026-07-24,Emideltide (DSIP),emideltide,not_legalized,"FDA advisory committee (PCAC) voted 6-7, with 1 abstention, AGAINST recommending Emideltide (DSIP) for the 503A list - the only one of the seven peptides reviewed that it declined to recommend. It stays off the list, with no further FDA action scheduled.",https://www.healio.com/news/primary-care/20260724/fda-committee-recommends-looser-restrictions-for-several-peptides,emideltide-2026-07-24-pcac-vote
2026-07-24,Epitalon,epitalon,not_legalized,"FDA advisory committee (PCAC) voted 7-4, with 1 abstention, to recommend adding Epitalon to the 503A list. Advisory only - Epitalon is still not on the list and still not legal to compound until the FDA accepts the recommendation and completes rulemaking.",https://www.healio.com/news/primary-care/20260724/fda-committee-recommends-looser-restrictions-for-several-peptides,epitalon-2026-07-24-pcac-vote
2026-07-24,Semax,semax,not_legalized,"FDA advisory committee (PCAC) voted 8-5, with 1 abstention, to recommend adding Semax to the 503A list. Advisory only - Semax is still not on the list and still not legal to compound until the FDA accepts the recommendation and completes rulemaking.",https://www.healio.com/news/primary-care/20260724/fda-committee-recommends-looser-restrictions-for-several-peptides,semax-2026-07-24-pcac-vote
2026-07-30,Semaglutide,semaglutide,comment_deadline,"Public comment period closed on the FDA's proposal to permanently exclude semaglutide from the 503B bulks list (extended from June 30). The proposal is not final - the FDA is now reviewing the record, with no announced decision date.",https://www.govinfo.gov/content/pkg/FR-2026-06-26/html/2026-12937.htm,semaglutide-2026-07-30-comments-closed
2026-07-30,Tirzepatide,tirzepatide,comment_deadline,"Public comment period closed on the FDA's proposal to permanently exclude tirzepatide from the 503B bulks list (extended from June 30). The proposal is not final - the FDA is now reviewing the record, with no announced decision date.",https://www.govinfo.gov/content/pkg/FR-2026-06-26/html/2026-12937.htm,tirzepatide-2026-07-30-comments-closed
