compound,slug,label,url,note
BPC-157,bpc-157,Federal Register - PCAC notice of meeting (Docket FDA-2025-N-6895),https://www.federalregister.gov/documents/2026/04/16/2026-07361/pharmacy-compounding-advisory-committee-notice-of-meeting-establishment-of-a-public-docket-request,"Announces the July 23-24, 2026 PCAC meeting and BPC-157 on the July 23 agenda."
BPC-157,bpc-157,"FDA - PCAC briefing document, BPC-157 (July 2026 meeting)",https://www.fda.gov/media/193343/download,FDA proposes not adding BPC-157 to the 503A list.
BPC-157,bpc-157,USADA - BPC-157 prohibited for athletes,https://www.usada.org/spirit-of-sport/bpc-157-peptide-prohibited/,Prohibited under WADA category S0.
BPC-157,bpc-157,"FDA - PCAC meeting page, July 23-24, 2026",https://www.fda.gov/advisory-committees/advisory-committee-calendar/july-23-24-2026-meeting-pharmacy-compounding-advisory-committee-07232026,Official meeting record. FDA has not yet published the minutes or vote tallies.
BPC-157,bpc-157,Healio - FDA committee recommends looser restrictions for several peptides,https://www.healio.com/news/primary-care/20260724/fda-committee-recommends-looser-restrictions-for-several-peptides,Reported per-substance vote tallies; also records that FDA review staff recommended against all seven.
BPC-157,bpc-157,Mintz - FDA's Advisory Committee Votes on Peptides: What It Does and Doesn't Do,https://www.mintz.com/insights-center/viewpoints/2146/2026-07-29-fdas-advisory-committee-votes-peptides-what-it-does-and,Legal analysis: the vote is not an agency action and nothing has legally changed.
BPC-157,bpc-157,"FDA - PCAC July 23-24, 2026: questions put to the committee",https://www.fda.gov/media/193711/download,FDA's own vote questions. Confirms each substance was voted on twice - free base and acetate separately - and gives the session order.
BPC-157,bpc-157,"FDA - PCAC July 23-24, 2026: meeting roster",https://www.fda.gov/media/193772/download,"Voting members plus temporary voting members seated for single topics, which is why the vote totals differ between substances."
BPC-157,bpc-157,MHRA Guidance Note 14: supply of unlicensed medicinal products ('specials'),https://assets.publishing.service.gov.uk/media/645e19f5ad8a03000c38b3bc/The_supply_of_unlicensed_medicinal_products__special_GN14.pdf,Basis for the United Kingdom (MHRA) status row.
BPC-157,bpc-157,"Health Canada public advisory (Apr 9, 2026)",https://recalls-rappels.canada.ca/en/alert-recall/think-twice-injecting-peptides-bought-online-unauthorized-products-can-seriously-harm,Basis for the Canada (Health Canada) status row.
BPC-157,bpc-157,EMA medicines database - no entry for BPC-157,https://www.ema.europa.eu/en/medicines?search_api_views_fulltext=BPC-157,Basis for the European Union (EMA) status row.
BPC-157,bpc-157,"Regulations.gov - 503B bulks nomination, BPC-157 (free base), BPI Labs (posted Aug 25, 2026)",https://www.regulations.gov/document/FDA-2015-N-3469-0439,A nomination to the 503B bulks list; it does not change any status.
BPC-157,bpc-157,"WADA - 2027 Prohibited List published (Sep 21, 2026)",https://www.wada-ama.org/en/news/wada-publishes-2027-prohibited-list,"The 2027 List takes effect Jan 1, 2027."
Cagrilintide,cagrilintide,FDA - FDA's concerns with unapproved GLP-1 drugs used for weight loss,https://www.fda.gov/drugs/drug-alerts-and-statements/fdas-concerns-unapproved-glp-1-drugs-used-weight-loss,States that cagrilintide (and retatrutide) are not components of FDA-approved drugs and cannot be used in compounding.
Cagrilintide,cagrilintide,"FDA - warning letter, Prime Sciences (Mar 31, 2026)",https://www.fda.gov/inspections-compliance-enforcement-and-criminal-investigations/warning-letters/prime-sciences-721805-03312026,"Names 'Cagrilintide' among unapproved new drugs offered for sale online, alongside coded product names (GLP1-R, GLP1-S, GLP1-T)."
Cagrilintide,cagrilintide,FDA - press announcement: 30 telehealth companies warned over compounded GLP-1 marketing,https://www.fda.gov/news-events/press-announcements/fda-warns-30-telehealth-companies-against-illegal-marketing-compounded-glp-1s,The broader enforcement wave around unapproved and compounded GLP-1 products.
Cagrilintide,cagrilintide,"Novo Nordisk - company announcement: CagriSema NDA filed with the FDA (Dec 18, 2025)",https://www.novonordisk.com/content/nncorp/global/en/news-and-media/news-and-ir-materials/news-details.html?id=916470,Confirms the NDA submission for once-weekly CagriSema (cagrilintide 2.4 mg + semaglutide 2.4 mg) and that the FDA is expected to review the application in 2026.
Cagrilintide,cagrilintide,Drugs.com - CagriSema FDA approval status tracker,https://www.drugs.com/nda/cagrisema_251222.html,Independent tracker of the CagriSema application; confirms it is not approved in the US or EU as of the last verification.
Cagrilintide,cagrilintide,USADA - the WADA Prohibited List (S0: non-approved substances),https://www.usada.org/substances/prohibited-list/,S0 prohibits substances with no regulatory approval for human therapeutic use at all times.
Cagrilintide,cagrilintide,MHRA Products database (search: cagrilintide),https://products.mhra.gov.uk/search/?search=cagrilintide&page=1,Basis for the United Kingdom (MHRA) status row.
Cagrilintide,cagrilintide,Health Canada - New drug submissions under review (SUR list),https://www.canada.ca/en/health-canada/services/drug-health-product-review-approval/submissions-under-review/new-drug-submissions-under-review.html,Basis for the Canada (Health Canada) status row.
Cagrilintide,cagrilintide,EMA - Applications for new human medicines under evaluation: August 2026,https://www.ema.europa.eu/en/documents/report/applications-new-human-medicines-under-evaluation-august-2026_en.xlsx,Basis for the European Union (EMA) status row.
Cagrilintide,cagrilintide,Therapeutic Goods (Poisons Standard - June 2026) Instrument 2026,https://www.legislation.gov.au/F2026L00633/asmade,Basis for the Australia (TGA) status row.
CJC-1295,cjc-1295,"Federal Register - PCAC notice of meeting, Dec 4, 2024",https://www.federalregister.gov/documents/2024/10/25/2024-24828/pharmacy-compounding-advisory-committee-notice-of-meeting-establishment-of-a-public-docket-request,"Confirms the Dec 4, 2024 PCAC meeting on nominated 503A bulk substances."
CJC-1295,cjc-1295,"FDA - PCAC December 4, 2024 meeting materials",https://www.fda.gov/advisory-committees/advisory-committee-calendar/updated-meeting-time-and-public-participation-information-december-4-2024-meeting-pharmacy,"Dec 4, 2024 PCAC reviewed CJC-1295 and voted against recommending it for the 503A list."
CJC-1295,cjc-1295,BSCG - CJC-1295 in sport,https://www.bscg.org/blogs/single/cjc-1295-use-in-sports-and-military-rules-explained,Prohibited at all times under WADA S2; not FDA-approved.
CJC-1295,cjc-1295,"Health Canada public advisory (Apr 9, 2026)",https://recalls-rappels.canada.ca/en/alert-recall/think-twice-injecting-peptides-bought-online-unauthorized-products-can-seriously-harm,Basis for the Canada (Health Canada) status row.
CJC-1295,cjc-1295,Union Register of medicinal products (European Commission),https://ec.europa.eu/health/documents/community-register/html/reg_hum_act.htm,Basis for the European Union (EMA) status row.
Emideltide (DSIP),emideltide,Federal Register - PCAC notice of meeting (Docket FDA-2025-N-6895),https://www.federalregister.gov/documents/2026/04/16/2026-07361/pharmacy-compounding-advisory-committee-notice-of-meeting-establishment-of-a-public-docket-request,"Emideltide (also referred to as DSIP), free base and acetate, on the July 24, 2026 agenda."
Emideltide (DSIP),emideltide,FDA - 503A bulk drug substances: Category 1 & Category 2 lists,https://www.fda.gov/drugs/human-drug-compounding/bulk-drug-substances-used-compounding-under-section-503a-fdc-act,Emideltide/DSIP is not on the 503A (Category 1) list; the FDA 503A categories govern compounding eligibility.
Emideltide (DSIP),emideltide,Frier Levitt - FDA to remove peptides from the Category 2 list (2026),https://www.frierlevitt.com/articles/fda-peptides-do-not-compound-list-update-2026/,Emideltide/DSIP among the peptides removed from Category 2 in April 2026; removal does not authorize compounding.
Emideltide (DSIP),emideltide,"FDA Law Blog - FDA's Pep(tide) Rally (Hyman, Phelps & McNamara)",https://www.thefdalawblog.com/2026/04/fdas-peptide-rally-what-compounders-and-industry-need-to-know-post-1-of-2/,Confirms Emideltide/DSIP on the July 2026 PCAC agenda; the vote is advisory and any listing requires rulemaking.
Emideltide (DSIP),emideltide,"FDA - PCAC meeting page, July 23-24, 2026",https://www.fda.gov/advisory-committees/advisory-committee-calendar/july-23-24-2026-meeting-pharmacy-compounding-advisory-committee-07232026,Official meeting record. FDA has not yet published the minutes or vote tallies.
Emideltide (DSIP),emideltide,Healio - FDA committee recommends looser restrictions for several peptides,https://www.healio.com/news/primary-care/20260724/fda-committee-recommends-looser-restrictions-for-several-peptides,Reported per-substance vote tallies; also records that FDA review staff recommended against all seven.
Emideltide (DSIP),emideltide,Mintz - FDA's Advisory Committee Votes on Peptides: What It Does and Doesn't Do,https://www.mintz.com/insights-center/viewpoints/2146/2026-07-29-fdas-advisory-committee-votes-peptides-what-it-does-and,Legal analysis: the vote is not an agency action and nothing has legally changed.
Emideltide (DSIP),emideltide,"FDA - PCAC July 23-24, 2026: questions put to the committee",https://www.fda.gov/media/193711/download,FDA's own vote questions. Confirms each substance was voted on twice - free base and acetate separately - and gives the session order.
Emideltide (DSIP),emideltide,"FDA - PCAC July 23-24, 2026: meeting roster",https://www.fda.gov/media/193772/download,"Voting members plus temporary voting members seated for single topics, which is why the vote totals differ between substances."
Emideltide (DSIP),emideltide,MHRA Products database - search: emideltide,https://products.mhra.gov.uk/search/?search=emideltide&page=1,Basis for the United Kingdom (MHRA) status row.
Emideltide (DSIP),emideltide,"Health Canada public advisory (Apr 9, 2026) - unauthorized injectable peptides",https://recalls-rappels.canada.ca/en/alert-recall/think-twice-injecting-peptides-bought-online-unauthorized-products-can-seriously-harm,Basis for the Canada (Health Canada) status row.
Emideltide (DSIP),emideltide,EMA medicines search - emideltide (no results),https://www.ema.europa.eu/en/medicines?search_api_views_fulltext=emideltide,Basis for the European Union (EMA) status row.
Epitalon,epitalon,Federal Register - PCAC notice of meeting (Docket FDA-2025-N-6895),https://www.federalregister.gov/documents/2026/04/16/2026-07361/pharmacy-compounding-advisory-committee-notice-of-meeting-establishment-of-a-public-docket-request,"Epitalon (free base and acetate) on the July 24, 2026 agenda."
Epitalon,epitalon,FDA - 503A bulk drug substances: Category 1 & Category 2 lists,https://www.fda.gov/drugs/human-drug-compounding/bulk-drug-substances-used-compounding-under-section-503a-fdc-act,Epitalon is not on the 503A (Category 1) list; the FDA 503A categories govern compounding eligibility.
Epitalon,epitalon,Frier Levitt - FDA to remove peptides from the Category 2 list (2026),https://www.frierlevitt.com/articles/fda-peptides-do-not-compound-list-update-2026/,Epitalon among the peptides removed from Category 2 in April 2026; removal does not authorize compounding.
Epitalon,epitalon,"FDA Law Blog - FDA's Pep(tide) Rally (Hyman, Phelps & McNamara)",https://www.thefdalawblog.com/2026/04/fdas-peptide-rally-what-compounders-and-industry-need-to-know-post-1-of-2/,Confirms Epitalon on the July 2026 PCAC agenda; the vote is advisory and any listing requires rulemaking.
Epitalon,epitalon,"FDA - PCAC meeting page, July 23-24, 2026",https://www.fda.gov/advisory-committees/advisory-committee-calendar/july-23-24-2026-meeting-pharmacy-compounding-advisory-committee-07232026,Official meeting record. FDA has not yet published the minutes or vote tallies.
Epitalon,epitalon,Healio - FDA committee recommends looser restrictions for several peptides,https://www.healio.com/news/primary-care/20260724/fda-committee-recommends-looser-restrictions-for-several-peptides,Reported per-substance vote tallies; also records that FDA review staff recommended against all seven.
Epitalon,epitalon,Mintz - FDA's Advisory Committee Votes on Peptides: What It Does and Doesn't Do,https://www.mintz.com/insights-center/viewpoints/2146/2026-07-29-fdas-advisory-committee-votes-peptides-what-it-does-and,Legal analysis: the vote is not an agency action and nothing has legally changed.
Epitalon,epitalon,"FDA - PCAC July 23-24, 2026: questions put to the committee",https://www.fda.gov/media/193711/download,FDA's own vote questions. Confirms each substance was voted on twice - free base and acetate separately - and gives the session order.
Epitalon,epitalon,"FDA - PCAC July 23-24, 2026: meeting roster",https://www.fda.gov/media/193772/download,"Voting members plus temporary voting members seated for single topics, which is why the vote totals differ between substances."
Epitalon,epitalon,MHRA Products database (search: epitalon),https://products.mhra.gov.uk/search/?search=epitalon&page=1,Basis for the United Kingdom (MHRA) status row.
Epitalon,epitalon,Health Canada advisory on unauthorized injectable peptides (Apr 2026),https://recalls-rappels.canada.ca/en/alert-recall/think-twice-injecting-peptides-bought-online-unauthorized-products-can-seriously-harm,Basis for the Canada (Health Canada) status row.
Epitalon,epitalon,EU Union Register of medicinal products (active-substance index),https://ec.europa.eu/health/documents/community-register/html/reg_hum_act.htm,Basis for the European Union (EMA) status row.
GHK-Cu,ghk-cu,FDA - 503A bulk drug substances: Category 1 & Category 2 lists,https://www.fda.gov/drugs/human-drug-compounding/bulk-drug-substances-used-compounding-under-section-503a-fdc-act,Injectable GHK-Cu is not on the 503A list; the FDA 503A categories define what pharmacies may compound.
GHK-Cu,ghk-cu,Frier Levitt - FDA to remove peptides from the Category 2 list (2026),https://www.frierlevitt.com/articles/fda-peptides-do-not-compound-list-update-2026/,Non-injectable GHK-Cu removed from Category 1 then reinstated; injectable slated for PCAC before Feb 2027.
GHK-Cu,ghk-cu,National Law Review - What FDA's latest actions mean for peptide compounding,https://natlawreview.com/article/tiny-chains-big-changes-what-fdas-latest-actions-mean-peptide-compounding,"Removal from Category 2 does not, on its own, authorize compounding."
GHK-Cu,ghk-cu,"FDA Law Blog - FDA's Pep(tide) Rally (Hyman, Phelps & McNamara)",https://www.thefdalawblog.com/2026/04/fdas-peptide-rally-what-compounders-and-industry-need-to-know-post-1-of-2/,GHK-Cu among peptides slated for a second PCAC review before end of February 2027.
GHK-Cu,ghk-cu,Orrick - FDA peptide compounding vote: what to watch at the July PCAC meeting,https://www.orrick.com/en/Insights/2026/07/FDA-Peptide-Compounding-Vote-What-to-Watch-at-the-July-PCAC-Meeting,"Names the five substances expected at the second PCAC meeting: LL-37, GHK-Cu, Dihexa acetate, Melanotan II, PEG-MGF."
GHK-Cu,ghk-cu,MHRA Products database (search: copper tripeptide),https://products.mhra.gov.uk/search/?search=copper%20tripeptide&page=1,Basis for the United Kingdom (MHRA) status row.
GHK-Cu,ghk-cu,Health Canada recall: GHK-Cu & BPC-157 powder - unauthorized APIs,https://recalls-rappels.canada.ca/en/alert-recall/ghk-cu-bpc-157-powder-unauthorized-active-pharmaceutical-ingredients,Basis for the Canada (Health Canada) status row.
GHK-Cu,ghk-cu,EU Union Register of medicinal products (active substance index),https://ec.europa.eu/health/documents/community-register/html/reg_hum_act.htm,Basis for the European Union (EMA) status row.
Ipamorelin,ipamorelin,FDA - 503A bulk drug substances: Category 1 & Category 2 lists,https://www.fda.gov/drugs/human-drug-compounding/bulk-drug-substances-used-compounding-under-section-503a-fdc-act,Ipamorelin is not on the 503A (Category 1) list; the FDA 503A categories govern compounding eligibility.
Ipamorelin,ipamorelin,A4PC - PCAC votes against four nominated bulk drug substances,https://a4pc.org/news/pcac-votes-against-four-nominated-bulk-drug-substances,Committee voted against adding ipamorelin (among four substances) to the 503A list.
Ipamorelin,ipamorelin,"Federal Register - PCAC notice of meeting, Oct 29, 2024",https://www.federalregister.gov/documents/2024/09/18/2024-21241/pharmacy-compounding-advisory-committee-notice-of-meeting-establishment-of-a-public-docket-request,"Confirms the Oct 29, 2024 PCAC meeting that reviewed ipamorelin (nomination withdrawn; committee voted against inclusion)."
Ipamorelin,ipamorelin,"FDA Law Blog - FDA's Pep(tide) Rally (Hyman, Phelps & McNamara)",https://www.thefdalawblog.com/2026/04/fdas-peptide-rally-what-compounders-and-industry-need-to-know-post-1-of-2/,Ipamorelin is not on the July 2026 or February 2027 PCAC agendas.
Ipamorelin,ipamorelin,MHRA Products database - search: ipamorelin,https://products.mhra.gov.uk/search/?search=ipamorelin&page=1,Basis for the United Kingdom (MHRA) status row.
Ipamorelin,ipamorelin,"Health Canada advisory on unauthorized injectable peptides (Apr 9, 2026)",https://recalls-rappels.canada.ca/en/alert-recall/think-twice-injecting-peptides-bought-online-unauthorized-products-can-seriously-harm,Basis for the Canada (Health Canada) status row.
Ipamorelin,ipamorelin,Union Register of medicinal products (European Commission),https://ec.europa.eu/health/documents/community-register/html/reg_hum_act.htm,Basis for the European Union (EMA) status row.
KPV,kpv,Federal Register - PCAC notice of meeting (Docket FDA-2025-N-6895),https://www.federalregister.gov/documents/2026/04/16/2026-07361/pharmacy-compounding-advisory-committee-notice-of-meeting-establishment-of-a-public-docket-request,"KPV (free base and acetate) on the July 23, 2026 agenda."
KPV,kpv,FDA - 503A bulk drug substances: Category 1 & Category 2 lists,https://www.fda.gov/drugs/human-drug-compounding/bulk-drug-substances-used-compounding-under-section-503a-fdc-act,KPV is not on the 503A (Category 1) list; the FDA 503A categories govern compounding eligibility.
KPV,kpv,Frier Levitt - FDA to remove peptides from the Category 2 list (2026),https://www.frierlevitt.com/articles/fda-peptides-do-not-compound-list-update-2026/,KPV among the peptides removed from Category 2 in April 2026; removal does not authorize compounding.
KPV,kpv,"FDA Law Blog - FDA's Pep(tide) Rally (Hyman, Phelps & McNamara)",https://www.thefdalawblog.com/2026/04/fdas-peptide-rally-what-compounders-and-industry-need-to-know-post-1-of-2/,Confirms KPV on the July 2026 PCAC agenda; the vote is advisory and any listing requires rulemaking.
KPV,kpv,"FDA - PCAC meeting page, July 23-24, 2026",https://www.fda.gov/advisory-committees/advisory-committee-calendar/july-23-24-2026-meeting-pharmacy-compounding-advisory-committee-07232026,Official meeting record. FDA has not yet published the minutes or vote tallies.
KPV,kpv,Healio - FDA committee recommends looser restrictions for several peptides,https://www.healio.com/news/primary-care/20260724/fda-committee-recommends-looser-restrictions-for-several-peptides,Reported per-substance vote tallies; also records that FDA review staff recommended against all seven.
KPV,kpv,Mintz - FDA's Advisory Committee Votes on Peptides: What It Does and Doesn't Do,https://www.mintz.com/insights-center/viewpoints/2146/2026-07-29-fdas-advisory-committee-votes-peptides-what-it-does-and,Legal analysis: the vote is not an agency action and nothing has legally changed.
KPV,kpv,"FDA - PCAC July 23-24, 2026: questions put to the committee",https://www.fda.gov/media/193711/download,FDA's own vote questions. Confirms each substance was voted on twice - free base and acetate separately - and gives the session order.
KPV,kpv,"FDA - PCAC July 23-24, 2026: meeting roster",https://www.fda.gov/media/193772/download,"Voting members plus temporary voting members seated for single topics, which is why the vote totals differ between substances."
KPV,kpv,MHRA guidance: supply of unlicensed medicinal products (specials),https://www.gov.uk/government/publications/supply-unlicensed-medicinal-products-specials,Basis for the United Kingdom (MHRA) status row.
KPV,kpv,"Health Canada advisory on unauthorized injectable peptides (Apr 9, 2026)",https://recalls-rappels.canada.ca/en/alert-recall/think-twice-injecting-peptides-bought-online-unauthorized-products-can-seriously-harm,Basis for the Canada (Health Canada) status row.
KPV,kpv,EMA medicines database search: KPV,https://www.ema.europa.eu/en/medicines?search_api_fulltext=KPV,Basis for the European Union (EMA) status row.
Melanotan II,melanotan-2,FDA - 503A bulk drug substances: Category 1 & Category 2 lists,https://www.fda.gov/drugs/human-drug-compounding/bulk-drug-substances-used-compounding-under-section-503a-fdc-act,Melanotan II is not on the 503A Category 1 list; being moved out of Category 2 does not authorize compounding.
Melanotan II,melanotan-2,"FDA Law Blog - FDA's Pep(tide) Rally (Hyman, Phelps & McNamara)",https://www.thefdalawblog.com/2026/04/fdas-peptide-rally-what-compounders-and-industry-need-to-know-post-1-of-2/,Melanotan II among peptides slated for a PCAC review before end of February 2027.
Melanotan II,melanotan-2,Orrick - FDA peptide compounding vote: what to watch at the July PCAC meeting,https://www.orrick.com/en/Insights/2026/07/FDA-Peptide-Compounding-Vote-What-to-Watch-at-the-July-PCAC-Meeting,"Names the five substances expected at the second PCAC meeting: LL-37, GHK-Cu, Dihexa acetate, Melanotan II, PEG-MGF."
Melanotan II,melanotan-2,Boesen & Snow Law - FDA advances peptide compounding review,https://www.boesensnowlaw.com/blog/fda-advances-peptide-compounding-review-category-2-removals-announced-and-pcac-hearing-confirmed/,Removal from Category 2 does not place a substance on the 503A list; cites Docket FDA-2025-N-6895.
Melanotan II,melanotan-2,The Conversation - Melanotan and Australian scheduling (secondary),https://theconversation.com/is-this-injectable-tanning-drug-safe-to-use-60628,Secondary source noting Melanotan is Schedule 4 with no ARTG-registered products in Australia; confirm against the TGA Poisons Standard.
Melanotan II,melanotan-2,MHRA FOI 21/1237 (gov.uk),https://assets.publishing.service.gov.uk/media/67bc97a898ea2db44fadddb1/FOI_21-1237_.pdf,Basis for the United Kingdom (MHRA) status row.
Melanotan II,melanotan-2,Health Canada advisory - unauthorized peptide drugs,https://recalls-rappels.canada.ca/en/alert-recall/think-twice-injecting-peptides-bought-online-unauthorized-products-can-seriously-harm,Basis for the Canada (Health Canada) status row.
Melanotan II,melanotan-2,EMA medicines database,https://www.ema.europa.eu/en/medicines,Basis for the European Union (EMA) status row.
MOTS-c,mots-c,Federal Register - PCAC notice of meeting (Docket FDA-2025-N-6895),https://www.federalregister.gov/documents/2026/04/16/2026-07361/pharmacy-compounding-advisory-committee-notice-of-meeting-establishment-of-a-public-docket-request,"MOTS-c (free base and acetate) on the July 23, 2026 agenda."
MOTS-c,mots-c,FDA - 503A bulk drug substances: Category 1 & Category 2 lists,https://www.fda.gov/drugs/human-drug-compounding/bulk-drug-substances-used-compounding-under-section-503a-fdc-act,MOTS-c is not on the 503A (Category 1) list; the FDA 503A categories govern compounding eligibility.
MOTS-c,mots-c,WADA - 2026 Prohibited List,https://www.wada-ama.org/en/prohibited-list,MOTS-c is named under S4.4.1 (metabolic modulators); prohibited at all times in sport.
MOTS-c,mots-c,"FDA Law Blog - FDA's Pep(tide) Rally (Hyman, Phelps & McNamara)",https://www.thefdalawblog.com/2026/04/fdas-peptide-rally-what-compounders-and-industry-need-to-know-post-1-of-2/,Confirms MOTS-c on the July 2026 PCAC agenda; the vote is advisory and any listing requires rulemaking.
MOTS-c,mots-c,"FDA - PCAC meeting page, July 23-24, 2026",https://www.fda.gov/advisory-committees/advisory-committee-calendar/july-23-24-2026-meeting-pharmacy-compounding-advisory-committee-07232026,Official meeting record. FDA has not yet published the minutes or vote tallies.
MOTS-c,mots-c,Healio - FDA committee recommends looser restrictions for several peptides,https://www.healio.com/news/primary-care/20260724/fda-committee-recommends-looser-restrictions-for-several-peptides,Reported per-substance vote tallies; also records that FDA review staff recommended against all seven.
MOTS-c,mots-c,Mintz - FDA's Advisory Committee Votes on Peptides: What It Does and Doesn't Do,https://www.mintz.com/insights-center/viewpoints/2146/2026-07-29-fdas-advisory-committee-votes-peptides-what-it-does-and,Legal analysis: the vote is not an agency action and nothing has legally changed.
MOTS-c,mots-c,"FDA - PCAC July 23-24, 2026: questions put to the committee",https://www.fda.gov/media/193711/download,FDA's own vote questions. Confirms each substance was voted on twice - free base and acetate separately - and gives the session order.
MOTS-c,mots-c,"FDA - PCAC July 23-24, 2026: meeting roster",https://www.fda.gov/media/193772/download,"Voting members plus temporary voting members seated for single topics, which is why the vote totals differ between substances."
MOTS-c,mots-c,MHRA Products database (no entry),https://products.mhra.gov.uk/search/?search=mots-c&page=1,Basis for the United Kingdom (MHRA) status row.
MOTS-c,mots-c,"Health Canada public advisory (Apr 9, 2026)",https://recalls-rappels.canada.ca/en/alert-recall/think-twice-injecting-peptides-bought-online-unauthorized-products-can-seriously-harm,Basis for the Canada (Health Canada) status row.
MOTS-c,mots-c,Union Register of medicinal products (EC),https://ec.europa.eu/health/documents/community-register/html/reg_hum_act.htm,Basis for the European Union (EMA) status row.
MOTS-c,mots-c,"Regulations.gov - 503B bulks nomination, MOTS-c (free base), BPI Labs (posted Aug 25, 2026)",https://www.regulations.gov/document/FDA-2015-N-3469-0440,A nomination to the 503B bulks list; it does not change any status.
MOTS-c,mots-c,"Regulations.gov - 503B bulks nomination, MOTS-c (acetate), BPI Labs (posted Aug 25, 2026)",https://www.regulations.gov/document/FDA-2015-N-3469-0441,A nomination to the 503B bulks list; it does not change any status.
MOTS-c,mots-c,"WADA - 2027 Prohibited List published (Sep 21, 2026)",https://www.wada-ama.org/en/news/wada-publishes-2027-prohibited-list,"The 2027 List takes effect Jan 1, 2027."
NAD+,nad-plus,"Federal Register - 2019 proposed rule, 503A bulk drug substances",https://www.federalregister.gov/documents/2019/09/05/2019-18951/amendments-to-the-list-of-bulk-drug-substances-that-can-be-used-to-compound-drug-products-in,Proposes not to include a set of nominated substances on the 503A list.
NAD+,nad-plus,"BSCG - NAD+ rules, risks and testing",https://www.bscg.org/blogs/single/nad-rules-risks-and-testing-in-athletics-and-armed-forces,Oral NAD+ is a dietary supplement; injectable is not FDA-approved; WADA IV-volume limit.
NAD+,nad-plus,Partnership for Safe Medicines - FDA sterile-compounding reminder,https://www.safemedicines.org/2024/11/nov-4-2024.html,FDA reminder on ingredient suitability for sterile compounding of NAD+.
NAD+,nad-plus,eCFR - 21 CFR 216.23 (503A bulk drug substances lists),https://www.ecfr.gov/current/title-21/chapter-I/subchapter-D/part-216/section-216.23,"The codified 503A lists; NAD does not appear on the finalized 'will not include' list - the 2019 proposed rule was never finalized, which is why NAD sits in limbo."
NAD+,nad-plus,"MHRA - The supply of unlicensed medicinal products ('specials'), gov.uk",https://www.gov.uk/government/publications/supply-unlicensed-medicinal-products-specials,Basis for the United Kingdom (MHRA) status row.
NAD+,nad-plus,"Health Canada public advisory - Think twice before injecting peptides bought online (Apr 9, 2026)",https://recalls-rappels.canada.ca/en/alert-recall/think-twice-injecting-peptides-bought-online-unauthorized-products-can-seriously-harm,Basis for the Canada (Health Canada) status row.
NAD+,nad-plus,EMA - Medicines search (no entry for nicotinamide adenine dinucleotide),https://www.ema.europa.eu/en/medicines?search_api_views_fulltext=nicotinamide+adenine+dinucleotide,Basis for the European Union (EMA) status row.
Retatrutide,retatrutide,FDA - FDA's concerns with unapproved GLP-1 drugs used for weight loss,https://www.fda.gov/drugs/drug-alerts-and-statements/fdas-concerns-unapproved-glp-1-drugs-used-weight-loss,States that retatrutide (and cagrilintide) are not components of FDA-approved drugs and cannot be used in compounding.
Retatrutide,retatrutide,"FDA - warning letter, GLP-1 Solution (Sep 9, 2025)",https://www.fda.gov/inspections-compliance-enforcement-and-criminal-investigations/warning-letters/glp-1-solution-715883-09092025,Representative enforcement letter in the FDA's clampdown on unapproved GLP-1 products sold direct to consumers.
Retatrutide,retatrutide,FDA - press announcement: 30 telehealth companies warned over compounded GLP-1 marketing,https://www.fda.gov/news-events/press-announcements/fda-warns-30-telehealth-companies-against-illegal-marketing-compounded-glp-1s,The broader enforcement wave around unapproved and compounded GLP-1 products.
Retatrutide,retatrutide,Eli Lilly - retatrutide Phase 3 TRIUMPH results (investor release),https://investor.lilly.com/news-releases/news-release-details/lillys-triple-agonist-retatrutide-successful-two-additional,Positive Phase 3 results in obesity; investigational status confirmed by the sponsor.
Retatrutide,retatrutide,Eli Lilly - what to know about retatrutide,https://www.lilly.com/news/stories/what-to-know-about-retatrutide,Lilly's own consumer-facing statement that retatrutide is investigational and not available outside trials/early access.
Retatrutide,retatrutide,"BioPharma Dive - Lilly, with new data, to seek FDA approval of retatrutide",https://www.biopharmadive.com/news/lilly-retatrutide-fda-application-obesity-drug-results/825987/,Reports the planned Q1 2027 BLA submission.
Retatrutide,retatrutide,Camino Strategy Group - retatrutide and compounding: regulations and enforcement records,https://caminostrategygroup.com/resources/retatrutide,"Documents the December 2024 and March 2026 warning-letter waves, coded product names, and a state pharmacy-board enforcement record."
Retatrutide,retatrutide,USADA - the WADA Prohibited List (S0: non-approved substances),https://www.usada.org/substances/prohibited-list/,S0 prohibits substances with no regulatory approval for human therapeutic use at all times.
Retatrutide,retatrutide,"MHRA press release, GOV.UK (29 May 2026)",https://www.gov.uk/government/news/two-arrested-during-the-mhras-largest-ever-seizure-of-unlicensed-weight-loss-medicines,Basis for the United Kingdom (MHRA) status row.
Retatrutide,retatrutide,Health Canada advisory (9 Apr 2026),https://recalls-rappels.canada.ca/en/alert-recall/think-twice-injecting-peptides-bought-online-unauthorized-products-can-seriously-harm,Basis for the Canada (Health Canada) status row.
Retatrutide,retatrutide,EMA - Medicines for human use under evaluation (Aug 2026 list),https://www.ema.europa.eu/en/medicines/medicines-human-use-under-evaluation,Basis for the European Union (EMA) status row.
Retatrutide,retatrutide,TGA safety advisory (13 Apr 2026),https://www.tga.gov.au/safety/safety-monitoring-and-information/safety-alerts/understanding-your-responsibilities-when-importing-compounding-and-supplying-unapproved-peptide-products,Basis for the Australia (TGA) status row.
Retatrutide,retatrutide,"FDA - warning letter, Royal Peptides LLC (Aug 24, 2026)",https://www.fda.gov/inspections-compliance-enforcement-and-criminal-investigations/warning-letters/royal-peptides-llc-734884-08242026,"Names retatrutide, semaglutide and tirzepatide among products sold as research chemicals."
Selank,selank,FDA - 503A bulk drug substances: Category 1 & Category 2 lists,https://www.fda.gov/drugs/human-drug-compounding/bulk-drug-substances-used-compounding-under-section-503a-fdc-act,Selank is not on the 503A list and was never in Category 1; the FDA 503A categories define compounding eligibility.
Selank,selank,Lexology - FDA removes five peptides from Category 2 (Sept 2024),https://www.lexology.com/library/detail.aspx?g=2e55b76a-3173-4e04-beda-bf021202f18d,"Selank acetate (TP-7) removed from Category 2 effective Sept 27, 2024 after the nomination was withdrawn; removal does not authorize compounding."
Selank,selank,"Pharmacy Times - the peptide reclassification, explained",https://www.pharmacytimes.com/view/the-peptide-reclassification-everyone-s-talking-about-a-pharmacist-s-take-on-what-rfk-jr-s-announcement-actually-means,Removal / Category 1 is not FDA approval; the mechanics are still working through the system.
Selank,selank,"FDA Law Blog - FDA's Pep(tide) Rally (Hyman, Phelps & McNamara)",https://www.thefdalawblog.com/2026/04/fdas-peptide-rally-what-compounders-and-industry-need-to-know-post-1-of-2/,"Selank is not on the July 23-24, 2026 PCAC agenda."
Selank,selank,MHRA Products database - search: selank,https://products.mhra.gov.uk/search/?search=selank&page=1,Basis for the United Kingdom (MHRA) status row.
Selank,selank,"Health Canada public advisory (Aug 1, 2025)",https://recalls-rappels.canada.ca/en/alert-recall/unauthorized-injectable-peptide-drugs-seized-and-sold-canada-peptide-may-pose-serious,Basis for the Canada (Health Canada) status row.
Selank,selank,Union Register of medicinal products - active substance index,https://ec.europa.eu/health/documents/community-register/html/reg_hum_act.htm,Basis for the European Union (EMA) status row.
Semaglutide,semaglutide,Federal Register - 503B bulk drug substances clinical-need proposal (FR 2026-08552),https://www.federalregister.gov/documents/2026/05/01/2026-08552/list-of-bulk-drug-substances-for-which-there-is-a-clinical-need-under-section-503b-of-the-federal,"May 1, 2026 proposal not to include semaglutide, tirzepatide, and liraglutide on the 503B bulks list (Docket FDA-2018-N-3240); set the original June 30, 2026 comment deadline."
Semaglutide,semaglutide,Federal Register - comment-period extension (FR 2026-12937),https://www.govinfo.gov/content/pkg/FR-2026-06-26/html/2026-12937.htm,"June 26, 2026 notice extending the comment deadline on the 503B exclusion proposal to July 30, 2026."
Semaglutide,semaglutide,McDermott - semaglutide shortage resolved; compounding wind-down,https://www.mcdermottlaw.com/insights/semaglutide-shortage-resolved/,"503A enforcement discretion ended Apr 22, 2025; 503B ended May 22, 2025; narrow exceptions only."
Semaglutide,semaglutide,Alston & Bird - FDA resolves semaglutide shortage,https://www.alston.com/en/insights/publications/2025/03/fda-resolves-semaglutide-shortage,Continued compounding only of products not 'essentially a copy' for individual patient needs.
Semaglutide,semaglutide,EMJ - GLP-1 receptor agonists on WADA Monitoring Program,https://www.emjreviews.com/general-healthcare/news/glp-1ras-monitored-at-2026-winter-olympics/,"Semaglutide monitored, not prohibited."
Semaglutide,semaglutide,GOV.UK - MHRA: No summer shortcut for safe weight loss (24 Jul 2026),https://www.gov.uk/government/news/no-summer-shortcut-for-safe-weight-loss,Basis for the United Kingdom (MHRA) status row.
Semaglutide,semaglutide,Health Canada recall - compounded Semaglutide + Pyridoxine (21 Jan 2025),https://recalls-rappels.canada.ca/en/alert-recall/semaglutide-pyridoxine-produced-unauthorized-active-pharmaceutical-ingredient,Basis for the Canada (Health Canada) status row.
Semaglutide,semaglutide,EMA - Ozempic (semaglutide) EPAR,https://www.ema.europa.eu/en/medicines/human/EPAR/ozempic,Basis for the European Union (EMA) status row.
Semaglutide,semaglutide,"WADA - 2027 Prohibited List published (Sep 21, 2026)",https://www.wada-ama.org/en/news/wada-publishes-2027-prohibited-list,"The 2027 List takes effect Jan 1, 2027."
Semax,semax,Federal Register - PCAC notice of meeting (Docket FDA-2025-N-6895),https://www.federalregister.gov/documents/2026/04/16/2026-07361/pharmacy-compounding-advisory-committee-notice-of-meeting-establishment-of-a-public-docket-request,"Semax (free base and acetate) on the July 24, 2026 agenda."
Semax,semax,"FDA Law Blog - FDA's Pep(tide) Rally (Hyman, Phelps & McNamara)",https://www.thefdalawblog.com/2026/04/fdas-peptide-rally-what-compounders-and-industry-need-to-know-post-1-of-2/,Semax moved to Category 2 in 2023; under PCAC review; recommendation non-binding.
Semax,semax,"FDA - PCAC meeting page, July 23-24, 2026",https://www.fda.gov/advisory-committees/advisory-committee-calendar/july-23-24-2026-meeting-pharmacy-compounding-advisory-committee-07232026,Official meeting record. FDA has not yet published the minutes or vote tallies.
Semax,semax,Healio - FDA committee recommends looser restrictions for several peptides,https://www.healio.com/news/primary-care/20260724/fda-committee-recommends-looser-restrictions-for-several-peptides,Reported per-substance vote tallies; also records that FDA review staff recommended against all seven.
Semax,semax,Mintz - FDA's Advisory Committee Votes on Peptides: What It Does and Doesn't Do,https://www.mintz.com/insights-center/viewpoints/2146/2026-07-29-fdas-advisory-committee-votes-peptides-what-it-does-and,Legal analysis: the vote is not an agency action and nothing has legally changed.
Semax,semax,"FDA - PCAC July 23-24, 2026: questions put to the committee",https://www.fda.gov/media/193711/download,FDA's own vote questions. Confirms each substance was voted on twice - free base and acetate separately - and gives the session order.
Semax,semax,"FDA - PCAC July 23-24, 2026: meeting roster",https://www.fda.gov/media/193772/download,"Voting members plus temporary voting members seated for single topics, which is why the vote totals differ between substances."
Semax,semax,MHRA guidance: Supply unlicensed medicinal products (specials),https://www.gov.uk/government/publications/supply-unlicensed-medicinal-products-specials,Basis for the United Kingdom (MHRA) status row.
Semax,semax,"Health Canada advisory: Unauthorized injectable peptide drugs seized and sold by Canada Peptide (Aug 1, 2025)",https://recalls-rappels.canada.ca/en/alert-recall/unauthorized-injectable-peptide-drugs-seized-and-sold-canada-peptide-may-pose-serious,Basis for the Canada (Health Canada) status row.
Semax,semax,Union Register of medicinal products (European Commission),https://ec.europa.eu/health/documents/community-register/html/reg_hum_act.htm,Basis for the European Union (EMA) status row.
Semax,semax,"Regulations.gov - 503B bulks nomination, Semax (free base), BPI Labs (posted Aug 25, 2026)",https://www.regulations.gov/document/FDA-2015-N-3469-0442,A nomination to the 503B bulks list; it does not change any status.
Semax,semax,"Regulations.gov - 503B bulks nomination, Semax (acetate), BPI Labs (posted Aug 25, 2026)",https://www.regulations.gov/document/FDA-2015-N-3469-0443,A nomination to the 503B bulks list; it does not change any status.
Sermorelin,sermorelin,FDA - 503A bulk drug substances: Category 1 & Category 2 lists,https://www.fda.gov/drugs/human-drug-compounding/bulk-drug-substances-used-compounding-under-section-503a-fdc-act,FDA's interim 503A categories; sermorelin is treated as Category 1 (compoundable under enforcement discretion).
Sermorelin,sermorelin,Frier Levitt - Regulatory status of peptide compounding (2025),https://www.frierlevitt.com/articles/regulatory-status-of-peptide-compounding-in-2025/,Names sermorelin as a peptide that can be compounded; defines Category 1.
Sermorelin,sermorelin,MHRA Products database - search: sermorelin,https://products.mhra.gov.uk/search/?search=sermorelin&page=1,Basis for the United Kingdom (MHRA) status row.
Sermorelin,sermorelin,Health Canada Prescription Drug List - Human Use,https://hpr-rps.hres.ca/pdl-phu.php,Basis for the Canada (Health Canada) status row.
Sermorelin,sermorelin,Union Register of medicinal products (European Commission),https://ec.europa.eu/health/documents/community-register/html/reg_hum_act.htm,Basis for the European Union (EMA) status row.
TB-500 (Thymosin Beta-4),tb-500,Federal Register - PCAC notice of meeting (Docket FDA-2025-N-6895),https://www.federalregister.gov/documents/2026/04/16/2026-07361/pharmacy-compounding-advisory-committee-notice-of-meeting-establishment-of-a-public-docket-request,"TB-500 (free base and acetate) on the July 23, 2026 agenda."
TB-500 (Thymosin Beta-4),tb-500,RAPS - FDA considers adding a dozen peptides to its bulk compounding list,https://www.raps.org/resource/fda-considers-adding-a-dozen-peptides-to-its-bulk-drug-compounding-list.html,Confirms TB-500 among the peptides under PCAC review and the prior Category 2 history.
TB-500 (Thymosin Beta-4),tb-500,"FDA Law Blog - FDA's Pep(tide) Rally (Hyman, Phelps & McNamara)",https://www.thefdalawblog.com/2026/04/fdas-peptide-rally-what-compounders-and-industry-need-to-know-post-1-of-2/,Removal from Category 2 did not make these peptides compoundable; they were never in Category 1.
TB-500 (Thymosin Beta-4),tb-500,BSCG - TB-500 status in sport,https://www.bscg.org/blogs/single/tb-500-status-risks-and-bans-in-sport-and-military,Prohibited at all times under the WADA Prohibited List.
TB-500 (Thymosin Beta-4),tb-500,"FDA - PCAC meeting page, July 23-24, 2026",https://www.fda.gov/advisory-committees/advisory-committee-calendar/july-23-24-2026-meeting-pharmacy-compounding-advisory-committee-07232026,Official meeting record. FDA has not yet published the minutes or vote tallies.
TB-500 (Thymosin Beta-4),tb-500,Healio - FDA committee recommends looser restrictions for several peptides,https://www.healio.com/news/primary-care/20260724/fda-committee-recommends-looser-restrictions-for-several-peptides,Reported per-substance vote tallies; also records that FDA review staff recommended against all seven.
TB-500 (Thymosin Beta-4),tb-500,Mintz - FDA's Advisory Committee Votes on Peptides: What It Does and Doesn't Do,https://www.mintz.com/insights-center/viewpoints/2146/2026-07-29-fdas-advisory-committee-votes-peptides-what-it-does-and,Legal analysis: the vote is not an agency action and nothing has legally changed.
TB-500 (Thymosin Beta-4),tb-500,"FDA - PCAC July 23-24, 2026: questions put to the committee",https://www.fda.gov/media/193711/download,FDA's own vote questions. Confirms each substance was voted on twice - free base and acetate separately - and gives the session order.
TB-500 (Thymosin Beta-4),tb-500,"FDA - PCAC July 23-24, 2026: meeting roster",https://www.fda.gov/media/193772/download,"Voting members plus temporary voting members seated for single topics, which is why the vote totals differ between substances."
TB-500 (Thymosin Beta-4),tb-500,MHRA Products database - substance index (T),https://products.mhra.gov.uk/substance-index/?letter=T,Basis for the United Kingdom (MHRA) status row.
TB-500 (Thymosin Beta-4),tb-500,Health Canada public advisory - unauthorized injectable peptide drugs seized (Canada Peptide),https://recalls-rappels.canada.ca/en/alert-recall/unauthorized-injectable-peptide-drugs-seized-and-sold-canada-peptide-may-pose-serious,Basis for the Canada (Health Canada) status row.
TB-500 (Thymosin Beta-4),tb-500,"EU Union Register of medicinal products (human, active substances)",https://ec.europa.eu/health/documents/community-register/html/reg_hum_act.htm,Basis for the European Union (EMA) status row.
TB-500 (Thymosin Beta-4),tb-500,"Regulations.gov - 503B bulks nomination, TB-500 (Thymosin Beta-4) (free base), BPI Labs (posted Aug 25, 2026)",https://www.regulations.gov/document/FDA-2015-N-3469-0444,A nomination to the 503B bulks list; it does not change any status.
TB-500 (Thymosin Beta-4),tb-500,"Regulations.gov - 503B bulks nomination, TB-500 (Thymosin Beta-4) (acetate), BPI Labs (posted Aug 25, 2026)",https://www.regulations.gov/document/FDA-2015-N-3469-0445,A nomination to the 503B bulks list; it does not change any status.
TB-500 (Thymosin Beta-4),tb-500,"WADA - 2027 Prohibited List published (Sep 21, 2026)",https://www.wada-ama.org/en/news/wada-publishes-2027-prohibited-list,"The 2027 List takes effect Jan 1, 2027."
Thymosin Alpha-1,thymosin-alpha-1,FDA - 503A bulk drug substances: Category 1 & Category 2 lists,https://www.fda.gov/drugs/human-drug-compounding/bulk-drug-substances-used-compounding-under-section-503a-fdc-act,"Thymosin alpha-1 is not on the 503A list and was never in Category 1, per the FDA 503A categories."
Thymosin Alpha-1,thymosin-alpha-1,National Law Review - What FDA's latest actions mean for peptide compounding,https://natlawreview.com/article/tiny-chains-big-changes-what-fdas-latest-actions-mean-peptide-compounding,Removal from Category 2 does not authorize compounding; substances not moved into Category 1.
Thymosin Alpha-1,thymosin-alpha-1,"FDA - PCAC December 4, 2024 meeting materials",https://www.fda.gov/advisory-committees/advisory-committee-calendar/updated-meeting-time-and-public-participation-information-december-4-2024-meeting-pharmacy,"Dec 4, 2024 PCAC reviewed thymosin alpha-1 and did not recommend adding it to the 503A list."
Thymosin Alpha-1,thymosin-alpha-1,TGA - enforcement re: thymosin alpha-1 advertising,https://www.tga.gov.au/news/media-releases/sgc-products-fined-63000-alleged-unlawful-advertising-dr-ageless-website-relation-covid-19,Indicates prescription-only (Schedule 4) status in Australia.
Thymosin Alpha-1,thymosin-alpha-1,MHRA Products database - search: thymalfasin,https://products.mhra.gov.uk/search/?search=thymalfasin&page=1,Basis for the United Kingdom (MHRA) status row.
Thymosin Alpha-1,thymosin-alpha-1,Health Canada public advisory - unauthorized injectable peptide drugs (Apr 2025),https://recalls-rappels.canada.ca/en/alert-recall/unauthorized-injectable-peptide-drugs-seized-optimum-wellness-centre-calgary-alberta,Basis for the Canada (Health Canada) status row.
Thymosin Alpha-1,thymosin-alpha-1,EMA - orphan designation EU/3/02/110 (thymalfasin),https://www.ema.europa.eu/en/medicines/human/orphan-designations/eu-3-02-110,Basis for the European Union (EMA) status row.
Tirzepatide,tirzepatide,Federal Register - 503B bulk drug substances clinical-need proposal (FR 2026-08552),https://www.federalregister.gov/documents/2026/05/01/2026-08552/list-of-bulk-drug-substances-for-which-there-is-a-clinical-need-under-section-503b-of-the-federal,"May 1, 2026 proposal not to include semaglutide, tirzepatide, and liraglutide on the 503B bulks list (Docket FDA-2018-N-3240); set the original June 30, 2026 comment deadline."
Tirzepatide,tirzepatide,Federal Register - comment-period extension (FR 2026-12937),https://www.govinfo.gov/content/pkg/FR-2026-06-26/html/2026-12937.htm,"June 26, 2026 notice extending the comment deadline on the 503B exclusion proposal to July 30, 2026."
Tirzepatide,tirzepatide,Pharmacy Times - FDA moves to close the door on compounded GLP-1s,https://www.pharmacytimes.com/view/fda-moves-to-permanently-close-the-door-on-compounded-glp-1s,April 2026 proposal; enforcement discretion ended; 503A/503B compounding no longer broadly permitted.
Tirzepatide,tirzepatide,EMJ - GLP-1 receptor agonists on WADA Monitoring Program,https://www.emjreviews.com/general-healthcare/news/glp-1ras-monitored-at-2026-winter-olympics/,"Tirzepatide monitored (effective Jan 1, 2026), not prohibited."
Tirzepatide,tirzepatide,"Health Canada alert on fake/unauthorized GLP-1 drugs (Jan 21, 2026)",https://recalls-rappels.canada.ca/en/alert-recall/thinking-about-buying-glp-1-drugs-ozempic-or-mounjaro-beware-fake-or-unauthorized,Basis for the Canada (Health Canada) status row.
Tirzepatide,tirzepatide,EMA EPAR - Mounjaro (tirzepatide),https://www.ema.europa.eu/en/medicines/human/EPAR/mounjaro,Basis for the European Union (EMA) status row.
Tirzepatide,tirzepatide,"WADA - 2027 Prohibited List published (Sep 21, 2026)",https://www.wada-ama.org/en/news/wada-publishes-2027-prohibited-list,"The 2027 List takes effect Jan 1, 2027."
