compound,slug,jurisdiction,regulator,status,status_label,note,entry_url,last_verified
BPC-157,bpc-157,United States (FDA),FDA,in_limbo,In limbo,"Not on the 503A Bulks List. PCAC recommended adding it on Jul 23, 2026 (8-6, 1 abstention); the recommendation is advisory and the FDA has not acted.",https://peptlas.com/entries/bpc-157/,2026-09-22
BPC-157,bpc-157,Australia (TGA),TGA,restricted,Restricted,Reported as Schedule 4 (prescription-only) under the Poisons Standard.,https://peptlas.com/entries/bpc-157/,2026-09-22
BPC-157,bpc-157,United Kingdom (MHRA),MHRA,restricted,Restricted,No UK marketing authorisation; supply for human use treated as an unlicensed medicine.,https://peptlas.com/entries/bpc-157/,2026-09-22
BPC-157,bpc-157,European Union (EMA),EMA,restricted,Restricted,"No EU marketing authorisation; sale as a medicine is unlawful EU-wide, with enforcement handled at member-state level.",https://peptlas.com/entries/bpc-157/,2026-09-22
BPC-157,bpc-157,Canada (Health Canada),Health Canada,restricted,Restricted,Not an authorized drug; Health Canada's April 2026 advisory names BPC-157 among unauthorized injectable peptides and states such products are illegal to sell in Canada.,https://peptlas.com/entries/bpc-157/,2026-09-22
BPC-157,bpc-157,Sport / anti-doping (WADA),WADA,restricted,Restricted,"Prohibited at all times under category S0 (non-approved substances). Unchanged on the 2027 List (published Sep 21, 2026; in force Jan 1, 2027).",https://peptlas.com/entries/bpc-157/,2026-09-22
Cagrilintide,cagrilintide,United States (FDA),FDA,restricted,Restricted,"Investigational; not approved, not compoundable (not a component of an approved drug, not an eligible bulk substance). The CagriSema NDA is under FDA review; warning letters to sellers, including products sold under coded names.",https://peptlas.com/entries/cagrilintide/,2026-09-22
Cagrilintide,cagrilintide,Australia (TGA),TGA,unscheduled,Unscheduled,Not individually named or scheduled in the Poisons Standard.,https://peptlas.com/entries/cagrilintide/,2026-09-22
Cagrilintide,cagrilintide,United Kingdom (MHRA),MHRA,restricted,Restricted,No UK marketing authorisation; supply for human use treated as an unlicensed medicine.,https://peptlas.com/entries/cagrilintide/,2026-09-22
Cagrilintide,cagrilintide,European Union (EMA),EMA,restricted,Restricted,"No EU marketing authorisation; not on EMA's August 2026 list of applications under CHMP evaluation; sale as a medicine unlawful EU-wide, with enforcement at member-state level.",https://peptlas.com/entries/cagrilintide/,2026-09-22
Cagrilintide,cagrilintide,Canada (Health Canada),Health Canada,under_review,Under review,Cagrilintide/semaglutide new drug submission (Novo Nordisk) accepted into Health Canada review in March 2026; no cagrilintide product yet authorized in the Drug Product Database.,https://peptlas.com/entries/cagrilintide/,2026-09-22
Cagrilintide,cagrilintide,Sport / anti-doping (WADA),WADA,restricted,Restricted,"Prohibited at all times, but not listed by name - captured by the S0 catch-all for substances with no regulatory approval for human use.",https://peptlas.com/entries/cagrilintide/,2026-09-22
CJC-1295,cjc-1295,United States (FDA),FDA,in_limbo,In limbo,"Removed from Category 2 (~Sept 2024); PCAC voted against inclusion Dec 4, 2024; not on the 503A list; no USP monograph.",https://peptlas.com/entries/cjc-1295/,2026-09-22
CJC-1295,cjc-1295,Australia (TGA),TGA,restricted,Restricted,Reported as Schedule 4 (prescription-only) under the Poisons Standard.,https://peptlas.com/entries/cjc-1295/,2026-09-22
CJC-1295,cjc-1295,United Kingdom (MHRA),MHRA,restricted,Restricted,No UK marketing authorisation; supply for human use treated as an unlicensed medicine.,https://peptlas.com/entries/cjc-1295/,2026-09-22
CJC-1295,cjc-1295,European Union (EMA),EMA,restricted,Restricted,"No EU marketing authorisation; absent from the Union Register, so sale as a medicine is unlawful EU-wide, with enforcement handled at member-state level.",https://peptlas.com/entries/cjc-1295/,2026-09-22
CJC-1295,cjc-1295,Canada (Health Canada),Health Canada,restricted,Restricted,"Not authorized by Health Canada; named in an April 2026 public advisory on unauthorized injectable peptides, which states such products are illegal to sell and reports seizures.",https://peptlas.com/entries/cjc-1295/,2026-09-22
CJC-1295,cjc-1295,Sport / anti-doping (WADA),WADA,restricted,Restricted,Prohibited at all times under S2 as a growth-hormone-releasing factor analogue.,https://peptlas.com/entries/cjc-1295/,2026-09-22
Emideltide (DSIP),emideltide,United States (FDA),FDA,in_limbo,In limbo,"Not on the 503A Bulks List. PCAC voted against adding it on Jul 24, 2026 (6-7, 1 abstention). No further FDA action is scheduled.",https://peptlas.com/entries/emideltide/,2026-09-22
Emideltide (DSIP),emideltide,Australia (TGA),TGA,unscheduled,Unscheduled,"Not individually named in the Poisons Standard; supply for human use is unlawful without ARTG registration, and the TGA is enforcing against unapproved peptides.",https://peptlas.com/entries/emideltide/,2026-09-22
Emideltide (DSIP),emideltide,United Kingdom (MHRA),MHRA,restricted,Restricted,No UK marketing authorisation; supply for human use treated as an unlicensed medicine.,https://peptlas.com/entries/emideltide/,2026-09-22
Emideltide (DSIP),emideltide,European Union (EMA),EMA,restricted,Restricted,"No EU marketing authorisation for emideltide (DSIP); sale as a medicine is unlawful EU-wide, with enforcement handled at member-state level.",https://peptlas.com/entries/emideltide/,2026-09-22
Emideltide (DSIP),emideltide,Canada (Health Canada),Health Canada,restricted,Restricted,Not authorized in Canada; Health Canada's April 2026 advisory names DSIP among unauthorized injectable peptide drugs that are illegal to sell.,https://peptlas.com/entries/emideltide/,2026-09-22
Emideltide (DSIP),emideltide,Sport / anti-doping (WADA),WADA,restricted,Restricted,"Not individually named, but prohibited at all times under the S0 catch-all for non-approved substances.",https://peptlas.com/entries/emideltide/,2026-09-22
Epitalon,epitalon,United States (FDA),FDA,in_limbo,In limbo,"Not on the 503A Bulks List. PCAC recommended adding it on Jul 24, 2026 (7-4, 1 abstention); the recommendation is advisory and the FDA has not acted.",https://peptlas.com/entries/epitalon/,2026-09-22
Epitalon,epitalon,Australia (TGA),TGA,unscheduled,Unscheduled,"Not individually named in the Poisons Standard; supply for human use is unlawful without ARTG registration, and the TGA is enforcing against unapproved peptides.",https://peptlas.com/entries/epitalon/,2026-09-22
Epitalon,epitalon,United Kingdom (MHRA),MHRA,restricted,Restricted,No UK marketing authorisation; supply for human use treated as an unlicensed medicine.,https://peptlas.com/entries/epitalon/,2026-09-22
Epitalon,epitalon,European Union (EMA),EMA,restricted,Restricted,"No EU marketing authorisation; sale as a medicine is unlawful EU-wide, with enforcement handled at member-state level.",https://peptlas.com/entries/epitalon/,2026-09-22
Epitalon,epitalon,Canada (Health Canada),Health Canada,restricted,Restricted,"Named in Health Canada's April 2026 advisory on unauthorized injectable peptides; absent from the Drug Product Database, so sale for human use is illegal under the Food and Drugs Act.",https://peptlas.com/entries/epitalon/,2026-09-22
Epitalon,epitalon,Sport / anti-doping (WADA),WADA,restricted,Restricted,"Not individually named, but prohibited at all times under the S0 catch-all for non-approved substances.",https://peptlas.com/entries/epitalon/,2026-09-22
GHK-Cu,ghk-cu,United States (FDA),FDA,in_limbo,In limbo,"Topical route ≈ Category 1; injectable route removed from Category 2, not on the 503A list; PCAC review expected before end of Feb 2027.",https://peptlas.com/entries/ghk-cu/,2026-09-22
GHK-Cu,ghk-cu,Australia (TGA),TGA,unscheduled,Unscheduled,Not individually named in the Poisons Standard; topical cosmetic products are freely available.,https://peptlas.com/entries/ghk-cu/,2026-09-22
GHK-Cu,ghk-cu,United Kingdom (MHRA),MHRA,restricted,Restricted,"No UK marketing authorisation; supply as a medicine is unlicensed, though copper tripeptide-1 remains a permitted cosmetic ingredient under GB cosmetics law.",https://peptlas.com/entries/ghk-cu/,2026-09-22
GHK-Cu,ghk-cu,European Union (EMA),EMA,restricted,Restricted,"No EU marketing authorisation; sale as a medicine is unlawful EU-wide, with enforcement handled at member-state level.",https://peptlas.com/entries/ghk-cu/,2026-09-22
GHK-Cu,ghk-cu,Canada (Health Canada),Health Canada,restricted,Restricted,Not in the Drug Product Database; Health Canada recalled GHK-Cu powder as an unauthorized active pharmaceutical ingredient in May 2026.,https://peptlas.com/entries/ghk-cu/,2026-09-22
GHK-Cu,ghk-cu,Sport / anti-doping (WADA),WADA,unscheduled,Unscheduled,Not explicitly named on the Prohibited List.,https://peptlas.com/entries/ghk-cu/,2026-09-22
Ipamorelin,ipamorelin,United States (FDA),FDA,in_limbo,In limbo,"Removed from Category 2 (~Sept 2024); PCAC voted against 503A inclusion Oct 29, 2024; not on any bulks list; no separate ban.",https://peptlas.com/entries/ipamorelin/,2026-09-22
Ipamorelin,ipamorelin,Australia (TGA),TGA,restricted,Restricted,Reported as Schedule 4 (prescription-only) under the Poisons Standard.,https://peptlas.com/entries/ipamorelin/,2026-09-22
Ipamorelin,ipamorelin,United Kingdom (MHRA),MHRA,restricted,Restricted,No UK marketing authorisation; supply for human use treated as an unlicensed medicine.,https://peptlas.com/entries/ipamorelin/,2026-09-22
Ipamorelin,ipamorelin,European Union (EMA),EMA,restricted,Restricted,"No EU marketing authorisation; absent from the Union Register, so sale as a medicine is unlawful EU-wide, with enforcement at member-state level.",https://peptlas.com/entries/ipamorelin/,2026-09-22
Ipamorelin,ipamorelin,Canada (Health Canada),Health Canada,restricted,Restricted,Not authorized for sale; Health Canada's April 2026 advisory names ipamorelin as an unauthorized injectable peptide drug that is illegal to sell in Canada.,https://peptlas.com/entries/ipamorelin/,2026-09-22
Ipamorelin,ipamorelin,Sport / anti-doping (WADA),WADA,restricted,Restricted,Prohibited at all times under S2 as a growth-hormone secretagogue.,https://peptlas.com/entries/ipamorelin/,2026-09-22
KPV,kpv,United States (FDA),FDA,in_limbo,In limbo,"Not on the 503A Bulks List. PCAC recommended adding it on Jul 23, 2026 (8-6, 1 abstention); the recommendation is advisory and the FDA has not acted.",https://peptlas.com/entries/kpv/,2026-09-22
KPV,kpv,Australia (TGA),TGA,unscheduled,Unscheduled,"Not individually named in the Poisons Standard; supply for human use is unlawful without ARTG registration, and the TGA is enforcing against unapproved peptides.",https://peptlas.com/entries/kpv/,2026-09-22
KPV,kpv,United Kingdom (MHRA),MHRA,restricted,Restricted,No UK marketing authorisation; supply for human use treated as an unlicensed medicine.,https://peptlas.com/entries/kpv/,2026-09-22
KPV,kpv,European Union (EMA),EMA,restricted,Restricted,"No EU marketing authorisation; not found in EMA's centralised medicines database, so sale as a medicine is unlawful EU-wide, with enforcement handled at member-state level.",https://peptlas.com/entries/kpv/,2026-09-22
KPV,kpv,Canada (Health Canada),Health Canada,restricted,Restricted,"Not authorized for sale; listed in an April 2026 Health Canada advisory among unauthorized injectable peptide drugs it has seized, with peptides generally regulated as prescription drugs in Canada.",https://peptlas.com/entries/kpv/,2026-09-22
KPV,kpv,Sport / anti-doping (WADA),WADA,restricted,Restricted,"Not individually named, but prohibited at all times under the S0 catch-all for non-approved substances.",https://peptlas.com/entries/kpv/,2026-09-22
Melanotan II,melanotan-2,United States (FDA),FDA,in_limbo,In limbo,Not on Category 1 / the 503A list; being moved out of Category 2; PCAC review expected before end of Feb 2027. Not DEA-scheduled.,https://peptlas.com/entries/melanotan-2/,2026-09-22
Melanotan II,melanotan-2,Australia (TGA),TGA,restricted,Restricted,Schedule 4 (prescription-only); no products registered on the ARTG; TGA has issued infringement notices for unlawful supply.,https://peptlas.com/entries/melanotan-2/,2026-09-22
Melanotan II,melanotan-2,United Kingdom (MHRA),MHRA,restricted,Restricted,"No UK marketing authorisation; MHRA has repeatedly removed melanotan products from sale for over 10 years, though nasal sprays without medicinal claims are not generally regulated as medicines.",https://peptlas.com/entries/melanotan-2/,2026-09-22
Melanotan II,melanotan-2,European Union (EMA),EMA,restricted,Restricted,"No EU marketing authorisation - no melanotan II entry in EMA's centrally authorised medicines database; sale as a medicine is unlawful EU-wide, with enforcement handled at member-state level.",https://peptlas.com/entries/melanotan-2/,2026-09-22
Melanotan II,melanotan-2,Canada (Health Canada),Health Canada,restricted,Restricted,"Not authorized for sale; Health Canada names Melanotan I and II among unauthorized injectable peptide drugs it has seized, warning that unauthorized drug products are illegal in Canada.",https://peptlas.com/entries/melanotan-2/,2026-09-22
Melanotan II,melanotan-2,Sport / anti-doping (WADA),WADA,restricted,Restricted,"Prohibited at all times, but not listed by name - captured by the S0 catch-all for non-approved substances (also argued under S2).",https://peptlas.com/entries/melanotan-2/,2026-09-22
MOTS-c,mots-c,United States (FDA),FDA,in_limbo,In limbo,"Not on the 503A Bulks List. PCAC recommended adding it on Jul 23, 2026 (7-5, 2 abstentions); the recommendation is advisory and the FDA has not acted.",https://peptlas.com/entries/mots-c/,2026-09-22
MOTS-c,mots-c,Australia (TGA),TGA,unscheduled,Unscheduled,"Not individually named in the Poisons Standard; supply for human use is unlawful without ARTG registration, and the TGA is enforcing against unapproved peptides.",https://peptlas.com/entries/mots-c/,2026-09-22
MOTS-c,mots-c,United Kingdom (MHRA),MHRA,restricted,Restricted,No UK marketing authorisation; supply for human use treated as an unlicensed medicine.,https://peptlas.com/entries/mots-c/,2026-09-22
MOTS-c,mots-c,European Union (EMA),EMA,restricted,Restricted,"No EU marketing authorisation in the Union Register; sale as a medicine is unlawful EU-wide, with enforcement handled at member-state level.",https://peptlas.com/entries/mots-c/,2026-09-22
MOTS-c,mots-c,Canada (Health Canada),Health Canada,restricted,Restricted,Named in Health Canada's April 2026 advisory on unauthorized injectable peptides; unauthorized drug products are illegal to sell in Canada.,https://peptlas.com/entries/mots-c/,2026-09-22
MOTS-c,mots-c,Sport / anti-doping (WADA),WADA,restricted,Restricted,"Explicitly named on the 2026 Prohibited List under S4.4.1 (metabolic modulators / AMPK activators); prohibited at all times. Still listed on the 2027 List (published Sep 21, 2026; in force Jan 1, 2027).",https://peptlas.com/entries/mots-c/,2026-09-22
NAD+,nad-plus,United States (FDA),FDA,in_limbo,In limbo,Proposed for non-inclusion (2019); no final rule and no ban; oral sold as a supplement; injectable compounded in a gray area.,https://peptlas.com/entries/nad-plus/,2026-09-22
NAD+,nad-plus,Australia (TGA),TGA,restricted,Restricted,"Per an April 2025 TGA safety alert, NAD/NAD+/NADH are not permitted ingredients in listed medicines.",https://peptlas.com/entries/nad-plus/,2026-09-22
NAD+,nad-plus,United Kingdom (MHRA),MHRA,restricted,Restricted,"No UK marketing authorisation; injectable NAD+ is supplied only as an unlicensed 'special' on a prescriber's order, while oral NAD+ is sold under food-supplement rules.",https://peptlas.com/entries/nad-plus/,2026-09-22
NAD+,nad-plus,European Union (EMA),EMA,restricted,Restricted,"No EU marketing authorisation; injectable NAD+ cannot be marketed as a medicine EU-wide, with enforcement handled at member-state level; oral NAD+ circulates under food-supplement law.",https://peptlas.com/entries/nad-plus/,2026-09-22
NAD+,nad-plus,Canada (Health Canada),Health Canada,restricted,Restricted,No approved injectable NAD+ in the Drug Product Database; an April 2026 Health Canada advisory lists NAD+ among unauthorized injectable drugs illegal to sell; oral NAD+ is regulated as a natural health product.,https://peptlas.com/entries/nad-plus/,2026-09-22
NAD+,nad-plus,Sport / anti-doping (WADA),WADA,unscheduled,Unscheduled,"Not named on the Prohibited List, but IV infusions over 100 mL per 12 hours are prohibited as a method (M2.2).",https://peptlas.com/entries/nad-plus/,2026-09-22
Retatrutide,retatrutide,United States (FDA),FDA,restricted,Restricted,"Investigational; not approved, not compoundable (never on the shortage list, not an eligible bulk substance). FDA warning letters to sellers, including products sold under coded names.",https://peptlas.com/entries/retatrutide/,2026-09-22
Retatrutide,retatrutide,Australia (TGA),TGA,restricted,Restricted,"Not in the ARTG; the TGA names retatrutide among unapproved peptide products and takes enforcement action against unlawful import, compounding, supply and advertising.",https://peptlas.com/entries/retatrutide/,2026-09-22
Retatrutide,retatrutide,United Kingdom (MHRA),MHRA,restricted,Restricted,No UK marketing authorisation; supply for human use treated as an unlicensed medicine - MHRA has seized unlicensed retatrutide products in enforcement operations.,https://peptlas.com/entries/retatrutide/,2026-09-22
Retatrutide,retatrutide,European Union (EMA),EMA,restricted,Restricted,"No EU marketing authorisation and no application under CHMP evaluation as of August 2026; sale as a medicine is unlawful EU-wide, with enforcement handled at member-state level.",https://peptlas.com/entries/retatrutide/,2026-09-22
Retatrutide,retatrutide,Canada (Health Canada),Health Canada,restricted,Restricted,Not authorized by Health Canada; named in an April 2026 advisory on unauthorized injectable peptide drugs - unauthorized drug products are illegal to sell in Canada.,https://peptlas.com/entries/retatrutide/,2026-09-22
Retatrutide,retatrutide,Sport / anti-doping (WADA),WADA,restricted,Restricted,"Prohibited at all times, but not listed by name - captured by the S0 catch-all for substances with no regulatory approval for human use.",https://peptlas.com/entries/retatrutide/,2026-09-22
Selank,selank,United States (FDA),FDA,in_limbo,In limbo,Removed from Category 2 (~Sept 2024); never in Category 1; not on the 503A list; no scheduled PCAC review.,https://peptlas.com/entries/selank/,2026-09-22
Selank,selank,Australia (TGA),TGA,unscheduled,Unscheduled,Not individually named or scheduled in the Poisons Standard.,https://peptlas.com/entries/selank/,2026-09-22
Selank,selank,United Kingdom (MHRA),MHRA,restricted,Restricted,No UK marketing authorisation; supply for human use treated as an unlicensed medicine.,https://peptlas.com/entries/selank/,2026-09-22
Selank,selank,European Union (EMA),EMA,restricted,Restricted,"No EU marketing authorisation; Selank does not appear in the Union Register, so sale as a medicine is unlawful EU-wide, with enforcement handled at member-state level.",https://peptlas.com/entries/selank/,2026-09-22
Selank,selank,Canada (Health Canada),Health Canada,restricted,Restricted,"Not authorized by Health Canada; a 2025 public advisory named Selank among seized unauthorized injectable peptide drugs, stating that selling unauthorized drugs is illegal in Canada.",https://peptlas.com/entries/selank/,2026-09-22
Selank,selank,Sport / anti-doping (WADA),WADA,restricted,Restricted,Falls under S0 (non-approved substances); prohibited at all times for tested athletes.,https://peptlas.com/entries/selank/,2026-09-22
Semaglutide,semaglutide,United States (FDA),FDA,restricted,Restricted,"Enforcement discretion ended Apr 22, 2025 (503A) / May 22, 2025 (503B); FDA proposed permanent 503B exclusion (Apr 2026). Narrow patient-specific 503A exception remains.",https://peptlas.com/entries/semaglutide/,2026-09-22
Semaglutide,semaglutide,Australia (TGA),TGA,restricted,Restricted,"GLP-1 analogues removed from the pharmacist compounding exemption effective Oct 1, 2024; remains Schedule 4.",https://peptlas.com/entries/semaglutide/,2026-09-22
Semaglutide,semaglutide,United Kingdom (MHRA),MHRA,restricted,Restricted,"Licensed prescription-only medicine; unlicensed copies may not be supplied where the licensed product can meet the patient's need, and MHRA enforces against unlicensed semaglutide products.",https://peptlas.com/entries/semaglutide/,2026-09-22
Semaglutide,semaglutide,European Union (EMA),EMA,restricted,Restricted,"Centrally authorised prescription-only medicine; compounded versions hold no EU marketing authorisation, with enforcement against unlicensed supply handled at member-state level.",https://peptlas.com/entries/semaglutide/,2026-09-22
Semaglutide,semaglutide,Canada (Health Canada),Health Canada,restricted,Restricted,"Authorized prescription-only medicine (Ozempic, Wegovy); compounded copies of marketed drugs are not permitted outside a shortage, and Health Canada has recalled compounded semaglutide made with an unauthorized API.",https://peptlas.com/entries/semaglutide/,2026-09-22
Semaglutide,semaglutide,Sport / anti-doping (WADA),WADA,unscheduled,Unscheduled,"Not prohibited; on the WADA Monitoring Program since 2024. WADA confirmed GLP-1 status is unchanged for 2027 (Sep 21, 2026).",https://peptlas.com/entries/semaglutide/,2026-09-22
Semax,semax,United States (FDA),FDA,in_limbo,In limbo,"Not on the 503A Bulks List. PCAC recommended adding it on Jul 24, 2026 (8-5, 1 abstention); the recommendation is advisory and the FDA has not acted.",https://peptlas.com/entries/semax/,2026-09-22
Semax,semax,Australia (TGA),TGA,unscheduled,Unscheduled,Not individually named in the Poisons Standard; sits in a grey area.,https://peptlas.com/entries/semax/,2026-09-22
Semax,semax,United Kingdom (MHRA),MHRA,restricted,Restricted,No UK marketing authorisation; supply for human use treated as an unlicensed medicine.,https://peptlas.com/entries/semax/,2026-09-22
Semax,semax,European Union (EMA),EMA,restricted,Restricted,"No EU marketing authorisation; sale as a medicine is unlawful EU-wide, with enforcement handled at member-state level.",https://peptlas.com/entries/semax/,2026-09-22
Semax,semax,Canada (Health Canada),Health Canada,restricted,Restricted,"No Health Canada authorization; named in an August 2025 Health Canada seizure advisory on unauthorized injectable peptides, which cannot legally be sold in Canada.",https://peptlas.com/entries/semax/,2026-09-22
Semax,semax,Sport / anti-doping (WADA),WADA,restricted,Restricted,"Not individually named, but prohibited at all times under the S0 catch-all for non-approved substances.",https://peptlas.com/entries/semax/,2026-09-22
Sermorelin,sermorelin,United States (FDA),FDA,compounding_legal,Compounding-legal,Category 1 of the interim 503A list; compoundable with a valid prescription under enforcement discretion. Previously approved as Geref.,https://peptlas.com/entries/sermorelin/,2026-09-22
Sermorelin,sermorelin,Australia (TGA),TGA,restricted,Restricted,Prescription-only (Schedule 4) as a GHRH analog; obtainable via compounding pharmacy on prescription.,https://peptlas.com/entries/sermorelin/,2026-09-22
Sermorelin,sermorelin,United Kingdom (MHRA),MHRA,restricted,Restricted,No UK marketing authorisation; supply for human use treated as an unlicensed medicine.,https://peptlas.com/entries/sermorelin/,2026-09-22
Sermorelin,sermorelin,European Union (EMA),EMA,restricted,Restricted,"No centralised EU marketing authorisation (absent from the Union Register); sale as a medicine is unlawful EU-wide, with enforcement handled at member-state level.",https://peptlas.com/entries/sermorelin/,2026-09-22
Sermorelin,sermorelin,Canada (Health Canada),Health Canada,restricted,Restricted,"Named on the Prescription Drug List ('Sermorelin or its salts', effective 2013-12-19); no product currently authorized in the Drug Product Database.",https://peptlas.com/entries/sermorelin/,2026-09-22
Sermorelin,sermorelin,Sport / anti-doping (WADA),WADA,restricted,Restricted,GHRH analogs fall under S2; prohibited at all times.,https://peptlas.com/entries/sermorelin/,2026-09-22
TB-500 (Thymosin Beta-4),tb-500,United States (FDA),FDA,in_limbo,In limbo,"Not on the 503A Bulks List. PCAC recommended adding it on Jul 23, 2026 (8-6, 1 abstention); the recommendation is advisory and the FDA has not acted.",https://peptlas.com/entries/tb-500/,2026-09-22
TB-500 (Thymosin Beta-4),tb-500,Australia (TGA),TGA,restricted,Restricted,Thymosin beta-4 treated as Schedule 4 (prescription-only) under the Poisons Standard.,https://peptlas.com/entries/tb-500/,2026-09-22
TB-500 (Thymosin Beta-4),tb-500,United Kingdom (MHRA),MHRA,restricted,Restricted,No UK marketing authorisation; supply for human use treated as an unlicensed medicine.,https://peptlas.com/entries/tb-500/,2026-09-22
TB-500 (Thymosin Beta-4),tb-500,European Union (EMA),EMA,restricted,Restricted,"No EU marketing authorisation; sale as a medicine is unlawful EU-wide, with enforcement handled at member-state level.",https://peptlas.com/entries/tb-500/,2026-09-22
TB-500 (Thymosin Beta-4),tb-500,Canada (Health Canada),Health Canada,restricted,Restricted,Not authorized for sale; Health Canada has seized TB-500 among unauthorized injectable peptides and states selling unauthorized drugs is illegal in Canada.,https://peptlas.com/entries/tb-500/,2026-09-22
TB-500 (Thymosin Beta-4),tb-500,Sport / anti-doping (WADA),WADA,restricted,Restricted,"Prohibited at all times as a growth factor / non-approved substance. Unchanged on the 2027 List (published Sep 21, 2026; in force Jan 1, 2027).",https://peptlas.com/entries/tb-500/,2026-09-22
Thymosin Alpha-1,thymosin-alpha-1,United States (FDA),FDA,in_limbo,In limbo,"Removed from Category 2 (Sept 2024); PCAC declined to recommend it on Dec 4, 2024; not on the 503A list; no approved U.S. product.",https://peptlas.com/entries/thymosin-alpha-1/,2026-09-22
Thymosin Alpha-1,thymosin-alpha-1,Australia (TGA),TGA,restricted,Restricted,Regulated as Schedule 4 (prescription-only); the TGA has enforced against unlawful advertising.,https://peptlas.com/entries/thymosin-alpha-1/,2026-09-22
Thymosin Alpha-1,thymosin-alpha-1,United Kingdom (MHRA),MHRA,restricted,Restricted,No UK marketing authorisation; supply for human use treated as an unlicensed medicine.,https://peptlas.com/entries/thymosin-alpha-1/,2026-09-22
Thymosin Alpha-1,thymosin-alpha-1,European Union (EMA),EMA,restricted,Restricted,No EU-wide EMA marketing authorisation - thymalfasin holds only an orphan designation (EU/3/02/110) - and is reported as nationally authorised on prescription in Italy as Zadaxin.,https://peptlas.com/entries/thymosin-alpha-1/,2026-09-22
Thymosin Alpha-1,thymosin-alpha-1,Canada (Health Canada),Health Canada,restricted,Restricted,"Not authorized for sale; no Drug Product Database listing, and Health Canada named thymosin alpha-1 among unauthorized injectable peptides seized in April 2025.",https://peptlas.com/entries/thymosin-alpha-1/,2026-09-22
Thymosin Alpha-1,thymosin-alpha-1,Sport / anti-doping (WADA),WADA,unscheduled,Unscheduled,"Not specifically named on the Prohibited List (distinct from thymosin beta-4, which is prohibited).",https://peptlas.com/entries/thymosin-alpha-1/,2026-09-22
Tirzepatide,tirzepatide,United States (FDA),FDA,restricted,Restricted,"Enforcement discretion ended Feb 18, 2025 (503A) / Mar 19, 2025 (503B); FDA proposed permanent 503B exclusion (Apr 2026). Narrow 503A exception remains.",https://peptlas.com/entries/tirzepatide/,2026-09-22
Tirzepatide,tirzepatide,Australia (TGA),TGA,restricted,Restricted,"GLP-1 compounding prohibited since Oct 1, 2024; remains Schedule 4.",https://peptlas.com/entries/tirzepatide/,2026-09-22
Tirzepatide,tirzepatide,United Kingdom (MHRA),MHRA,restricted,Restricted,Licensed prescription-only medicine; no legitimate compounding pathway; MHRA enforces against unlicensed product.,https://peptlas.com/entries/tirzepatide/,2026-09-22
Tirzepatide,tirzepatide,European Union (EMA),EMA,restricted,Restricted,"Licensed prescription-only medicine EU-wide (Mounjaro, authorised 2022); unauthorised versions cannot be marketed, with pharmacy compounding exemptions and enforcement handled at member-state level.",https://peptlas.com/entries/tirzepatide/,2026-09-22
Tirzepatide,tirzepatide,Canada (Health Canada),Health Canada,restricted,Restricted,"Authorized prescription-only medicine (Mounjaro); compounded copies of marketed drugs are not permitted outside a shortage, and Health Canada warns selling unauthorized versions is illegal in Canada.",https://peptlas.com/entries/tirzepatide/,2026-09-22
Tirzepatide,tirzepatide,Sport / anti-doping (WADA),WADA,unscheduled,Unscheduled,"Not prohibited; added to the WADA Monitoring Program effective Jan 1, 2026. WADA confirmed GLP-1 status is unchanged for 2027 (Sep 21, 2026).",https://peptlas.com/entries/tirzepatide/,2026-09-22
